[{"id":"9b8527bb-3bd8-4e8c-9449-feac644dc016","name":"abhath_pdf_test.pdf-0000003.png","image_scan":"abhath_pdf_test.pdf-0000003.png","created_at":"2019-10-31 10:47:40 UTC","updated_at":"2019-10-31 10:50:06 UTC","document_id":"89fabadc-2593-4f02-b272-53287b05a920","order":3,"hocr":"hocr_output-e4638b6d-0806-4bc7-a742-ce23a8900697","processed_image":"dewarped-7904513b-ac8b-4f0d-9073-88ea5652c8dc"},{"id":"04b3f3e2-3e37-469a-a547-e4c2efa76a58","name":"abhath_pdf_test.pdf-0000004.png","image_scan":"abhath_pdf_test.pdf-0000004.png","created_at":"2019-10-31 10:47:40 UTC","updated_at":"2019-10-31 10:50:06 UTC","document_id":"89fabadc-2593-4f02-b272-53287b05a920","order":4,"hocr":"hocr_output-f720fdf2-bb51-4894-9a5c-676f4f0daedc","processed_image":"dewarped-6dd92df7-df9e-4c57-b1f2-192e591161fd"},{"id":"5060ee36-7fc1-462c-a309-8f8d3d4ea19f","name":"abhath_pdf_test.pdf-0000005.png","image_scan":"abhath_pdf_test.pdf-0000005.png","created_at":"2019-10-31 10:47:40 UTC","updated_at":"2019-10-31 10:50:06 UTC","document_id":"89fabadc-2593-4f02-b272-53287b05a920","order":5,"hocr":"hocr_output-aa1f348e-552f-4def-b378-321b3386b92f","processed_image":"dewarped-0742c82f-ef25-49c7-bb97-3c57667d562f"},{"id":"c47f1a55-6215-4465-94b2-888c567ae5da","name":"abhath_pdf_test.pdf-0000001.png","image_scan":"abhath_pdf_test.pdf-0000001.png","created_at":"2019-10-31 10:47:39 UTC","updated_at":"2019-10-31 10:50:06 UTC","document_id":"89fabadc-2593-4f02-b272-53287b05a920","order":1,"hocr":"hocr_output-5da23142-e002-4ca8-adec-05b1f4973968","processed_image":"dewarped-3278a990-c6f7-45ae-8946-961891944c67"},{"id":"aada2238-38aa-4815-b950-0d1977ecf06e","name":"abhath_pdf_test.pdf-0000002.png","image_scan":"abhath_pdf_test.pdf-0000002.png","created_at":"2019-10-31 10:47:39 UTC","updated_at":"2019-10-31 10:50:06 UTC","document_id":"89fabadc-2593-4f02-b272-53287b05a920","order":2,"hocr":"hocr_output-d395e9f5-e797-4f14-9af4-e1e8e427af8f","processed_image":"dewarped-3a7b0282-0bfc-450e-9c7c-595d782030c2"}]