[{"id":"4ee867ca-c4c0-40ce-a57e-b91674e281c3","document_id":"89fabadc-2593-4f02-b272-53287b05a920","created_at":"2019-10-31 10:49:32 UTC","updated_at":"2019-10-31 10:49:32 UTC","parent_id":null,"status":"regular","merged_with_id":null},{"id":"2b70a126-dfb0-4dad-8bee-f76d1eb54d51","document_id":"89fabadc-2593-4f02-b272-53287b05a920","created_at":"2019-10-31 10:49:32 UTC","updated_at":"2019-10-31 10:49:32 UTC","parent_id":"4ee867ca-c4c0-40ce-a57e-b91674e281c3","status":"working","merged_with_id":null}]