[{"id":"194addda-be0f-4049-80e4-e68a4c931617","surface_id":"58bcd333-ddbc-4a88-a43e-fe67b9f6bfe7","area":"((1943,656),(546,599))","created_at":"2019-10-31 10:50:07 UTC","updated_at":"2019-10-31 10:50:07 UTC","position_weight":"1.0","direction":"rtl"},{"id":"60dacde4-47b0-4e55-955d-2a69eb3c1a85","surface_id":"db08905d-dc01-477a-9027-64f4600d7361","area":"((1977,664),(490,586))","created_at":"2019-10-31 10:50:14 UTC","updated_at":"2019-10-31 10:50:14 UTC","position_weight":"2.0","direction":"rtl"},{"id":"647d236d-63e1-4740-9012-a51fce336ad4","surface_id":"58bcd333-ddbc-4a88-a43e-fe67b9f6bfe7","area":"((1840,718),(1554,678))","created_at":"2019-10-31 10:50:07 UTC","updated_at":"2019-10-31 10:50:07 UTC","position_weight":"2.0","direction":"rtl"},{"id":"a980da07-c2a4-4a29-8d47-ab68c4e0d127","surface_id":"db08905d-dc01-477a-9027-64f4600d7361","area":"((1976,719),(493,652))","created_at":"2019-10-31 10:50:14 UTC","updated_at":"2019-10-31 10:50:14 UTC","position_weight":"3.0","direction":"rtl"},{"id":"d9646331-1a09-4939-9c7e-4bd1cad1c751","surface_id":"c3d3adb8-17fe-4a5a-a55c-fdd9dff9baeb","area":"((1893,725),(831,660))","created_at":"2019-10-31 10:50:12 UTC","updated_at":"2019-10-31 10:50:12 UTC","position_weight":"1.0","direction":"rtl"},{"id":"40b2ca38-01ce-4beb-92c8-fde0934dbec2","surface_id":"938fe5f8-1a8e-4278-b808-2e0057c580d5","area":"((1845,749),(1660,692))","created_at":"2019-10-31 10:50:08 UTC","updated_at":"2019-10-31 10:50:08 UTC","position_weight":"1.0","direction":"rtl"},{"id":"1e60be05-f700-4cd0-a9fa-e2468c916d40","surface_id":"d7b18c7d-2996-4896-aaa4-1bf4a5b1af45","area":"((1871,786),(543,715))","created_at":"2019-10-31 10:50:15 UTC","updated_at":"2019-10-31 10:50:15 UTC","position_weight":"1.0","direction":"rtl"},{"id":"cef0e92b-c4f5-40a0-a634-8d1d113cc03b","surface_id":"c3d3adb8-17fe-4a5a-a55c-fdd9dff9baeb","area":"((1841,797),(573,735))","created_at":"2019-10-31 10:50:12 UTC","updated_at":"2019-10-31 10:50:12 UTC","position_weight":"2.0","direction":"rtl"},{"id":"811db1fb-2573-49c1-af58-c698e2f5165b","surface_id":"db08905d-dc01-477a-9027-64f4600d7361","area":"((1974,813),(389,735))","created_at":"2019-10-31 10:50:14 UTC","updated_at":"2019-10-31 10:50:14 UTC","position_weight":"4.0","direction":"rtl"},{"id":"db99014a-a571-47f9-9599-74da9db2981e","surface_id":"58bcd333-ddbc-4a88-a43e-fe67b9f6bfe7","area":"((1941,814),(587,754))","created_at":"2019-10-31 10:50:07 UTC","updated_at":"2019-10-31 10:50:07 UTC","position_weight":"3.0","direction":"rtl"},{"id":"2b99c92e-c863-4ced-a5e3-98a2f2ef4f07","surface_id":"c3d3adb8-17fe-4a5a-a55c-fdd9dff9baeb","area":"((1892,850),(573,802))","created_at":"2019-10-31 10:50:12 UTC","updated_at":"2019-10-31 10:50:12 UTC","position_weight":"3.0","direction":"rtl"},{"id":"2d81c34e-8e4f-4a61-b243-024b2e256eb0","surface_id":"938fe5f8-1a8e-4278-b808-2e0057c580d5","area":"((1840,856),(601,780))","created_at":"2019-10-31 10:50:08 UTC","updated_at":"2019-10-31 10:50:08 UTC","position_weight":"2.0","direction":"rtl"},{"id":"15ffa307-726b-40c6-88fd-e6dbcb0d95b1","surface_id":"d7b18c7d-2996-4896-aaa4-1bf4a5b1af45","area":"((1869,873),(547,793))","created_at":"2019-10-31 10:50:15 UTC","updated_at":"2019-10-31 10:50:15 UTC","position_weight":"2.0","direction":"rtl"},{"id":"4e046cd5-16cd-4cd6-8502-7d1b7e94940c","surface_id":"db08905d-dc01-477a-9027-64f4600d7361","area":"((1974,879),(489,817))","created_at":"2019-10-31 10:50:14 UTC","updated_at":"2019-10-31 10:50:14 UTC","position_weight":"5.0","direction":"rtl"},{"id":"662fcbe9-dfed-48bc-8110-64a7b2b635c0","surface_id":"58bcd333-ddbc-4a88-a43e-fe67b9f6bfe7","area":"((1941,901),(581,841))","created_at":"2019-10-31 10:50:07 UTC","updated_at":"2019-10-31 10:50:07 UTC","position_weight":"4.0","direction":"rtl"},{"id":"1015f8f7-c79f-4168-8eef-93df3de97539","surface_id":"c3d3adb8-17fe-4a5a-a55c-fdd9dff9baeb","area":"((1892,912),(582,860))","created_at":"2019-10-31 10:50:12 UTC","updated_at":"2019-10-31 10:50:12 UTC","position_weight":"4.0","direction":"rtl"},{"id":"88edb244-ff17-4198-aa93-0b639242234a","surface_id":"db08905d-dc01-477a-9027-64f4600d7361","area":"((2032,923),(2019,907))","created_at":"2019-10-31 10:50:14 UTC","updated_at":"2019-10-31 10:50:14 UTC","position_weight":"1.0","direction":"on"},{"id":"2b9e3c85-da24-46e0-b239-94cf8e6ba9eb","surface_id":"938fe5f8-1a8e-4278-b808-2e0057c580d5","area":"((1912,938),(601,809))","created_at":"2019-10-31 10:50:08 UTC","updated_at":"2019-10-31 10:50:08 UTC","position_weight":"3.0","direction":"rtl"},{"id":"6d5d2b8f-d8f7-4db9-be75-5c83506a4b61","surface_id":"db08905d-dc01-477a-9027-64f4600d7361","area":"((1973,941),(1823,896))","created_at":"2019-10-31 10:50:14 UTC","updated_at":"2019-10-31 10:50:14 UTC","position_weight":"6.0","direction":"rtl"},{"id":"dbe1fdd7-05bf-4361-b22e-cf3468c51f7b","surface_id":"d7b18c7d-2996-4896-aaa4-1bf4a5b1af45","area":"((1868,959),(547,887))","created_at":"2019-10-31 10:50:15 UTC","updated_at":"2019-10-31 10:50:15 UTC","position_weight":"3.0","direction":"rtl"},{"id":"d0ba16d8-3261-426e-918c-5e965ae9a8e2","surface_id":"c3d3adb8-17fe-4a5a-a55c-fdd9dff9baeb","area":"((1895,974),(577,924))","created_at":"2019-10-31 10:50:12 UTC","updated_at":"2019-10-31 10:50:12 UTC","position_weight":"5.0","direction":"rtl"},{"id":"f18c00aa-283e-44e5-af5b-0d63b7887b4d","surface_id":"58bcd333-ddbc-4a88-a43e-fe67b9f6bfe7","area":"((1940,986),(558,926))","created_at":"2019-10-31 10:50:07 UTC","updated_at":"2019-10-31 10:50:07 UTC","position_weight":"5.0","direction":"rtl"},{"id":"12e834be-5552-4999-b1e8-24c87cbc4a5d","surface_id":"938fe5f8-1a8e-4278-b808-2e0057c580d5","area":"((1911,1017),(648,941))","created_at":"2019-10-31 10:50:08 UTC","updated_at":"2019-10-31 10:50:08 UTC","position_weight":"4.0","direction":"rtl"},{"id":"dce694cb-3f70-4ebd-811d-11d96c4e0d33","surface_id":"c3d3adb8-17fe-4a5a-a55c-fdd9dff9baeb","area":"((1894,1035),(577,989))","created_at":"2019-10-31 10:50:12 UTC","updated_at":"2019-10-31 10:50:12 UTC","position_weight":"6.0","direction":"rtl"},{"id":"f8540db7-8564-4833-9160-3963f65bf792","surface_id":"db08905d-dc01-477a-9027-64f4600d7361","area":"((1914,1041),(1569,991))","created_at":"2019-10-31 10:50:14 UTC","updated_at":"2019-10-31 10:50:14 UTC","position_weight":"7.0","direction":"rtl"},{"id":"ff091c83-534a-4113-90a7-f0bc630f32cf","surface_id":"d7b18c7d-2996-4896-aaa4-1bf4a5b1af45","area":"((1865,1043),(544,970))","created_at":"2019-10-31 10:50:15 UTC","updated_at":"2019-10-31 10:50:15 UTC","position_weight":"4.0","direction":"rtl"},{"id":"682d90b8-4da5-44f2-a542-350d83284f0c","surface_id":"58bcd333-ddbc-4a88-a43e-fe67b9f6bfe7","area":"((1938,1076),(1682,1014))","created_at":"2019-10-31 10:50:07 UTC","updated_at":"2019-10-31 10:50:07 UTC","position_weight":"6.0","direction":"rtl"},{"id":"5dbd1def-6bac-4248-931b-104779a7de74","surface_id":"938fe5f8-1a8e-4278-b808-2e0057c580d5","area":"((1905,1095),(1299,1022))","created_at":"2019-10-31 10:50:08 UTC","updated_at":"2019-10-31 10:50:08 UTC","position_weight":"5.0","direction":"rtl"},{"id":"4b5b2989-77d0-4027-834b-6bdd41767b68","surface_id":"c3d3adb8-17fe-4a5a-a55c-fdd9dff9baeb","area":"((1892,1102),(729,1050))","created_at":"2019-10-31 10:50:12 UTC","updated_at":"2019-10-31 10:50:12 UTC","position_weight":"7.0","direction":"rtl"},{"id":"2e4d0c3d-2cab-441c-9730-6d0d012e43b5","surface_id":"d7b18c7d-2996-4896-aaa4-1bf4a5b1af45","area":"((1865,1131),(544,1050))","created_at":"2019-10-31 10:50:15 UTC","updated_at":"2019-10-31 10:50:15 UTC","position_weight":"5.0","direction":"rtl"},{"id":"ca52718f-17ed-44b7-9075-937e7f76aab0","surface_id":"db08905d-dc01-477a-9027-64f4600d7361","area":"((1910,1141),(499,1057))","created_at":"2019-10-31 10:50:14 UTC","updated_at":"2019-10-31 10:50:14 UTC","position_weight":"8.0","direction":"rtl"},{"id":"899f51e0-cf59-4977-807a-ab9f3bbe597c","surface_id":"58bcd333-ddbc-4a88-a43e-fe67b9f6bfe7","area":"((1836,1143),(922,1087))","created_at":"2019-10-31 10:50:07 UTC","updated_at":"2019-10-31 10:50:07 UTC","position_weight":"7.0","direction":"rtl"},{"id":"6fc72636-13e1-43bd-932b-2419a389c8ae","surface_id":"c3d3adb8-17fe-4a5a-a55c-fdd9dff9baeb","area":"((1842,1177),(578,1130))","created_at":"2019-10-31 10:50:12 UTC","updated_at":"2019-10-31 10:50:12 UTC","position_weight":"8.0","direction":"rtl"},{"id":"4aba271b-72a3-4a1a-9791-e57d46568987","surface_id":"938fe5f8-1a8e-4278-b808-2e0057c580d5","area":"((1841,1198),(1694,1142))","created_at":"2019-10-31 10:50:08 UTC","updated_at":"2019-10-31 10:50:08 UTC","position_weight":"6.0","direction":"rtl"},{"id":"51a62854-dab3-4b45-b9c4-a55ee3213392","surface_id":"d7b18c7d-2996-4896-aaa4-1bf4a5b1af45","area":"((1866,1207),(546,1145))","created_at":"2019-10-31 10:50:15 UTC","updated_at":"2019-10-31 10:50:15 UTC","position_weight":"6.0","direction":"rtl"},{"id":"f3b246ed-0b59-4f14-bebd-de7bcde6cc07","surface_id":"db08905d-dc01-477a-9027-64f4600d7361","area":"((1982,1211),(498,1143))","created_at":"2019-10-31 10:50:14 UTC","updated_at":"2019-10-31 10:50:14 UTC","position_weight":"9.0","direction":"rtl"},{"id":"0e977e98-3df7-4971-935a-cf62fc57abcb","surface_id":"58bcd333-ddbc-4a88-a43e-fe67b9f6bfe7","area":"((1941,1231),(1686,1172))","created_at":"2019-10-31 10:50:07 UTC","updated_at":"2019-10-31 10:50:07 UTC","position_weight":"8.0","direction":"rtl"},{"id":"a0f1f80a-de70-4222-96f2-34e4af39529e","surface_id":"c3d3adb8-17fe-4a5a-a55c-fdd9dff9baeb","area":"((1894,1243),(578,1184))","created_at":"2019-10-31 10:50:12 UTC","updated_at":"2019-10-31 10:50:12 UTC","position_weight":"9.0","direction":"rtl"},{"id":"14dfde0b-ae70-4442-8ea0-4256b7614779","surface_id":"db08905d-dc01-477a-9027-64f4600d7361","area":"((1981,1281),(505,1217))","created_at":"2019-10-31 10:50:14 UTC","updated_at":"2019-10-31 10:50:14 UTC","position_weight":"10.0","direction":"rtl"},{"id":"38a647ea-9027-47d8-83b5-ade9602d6690","surface_id":"938fe5f8-1a8e-4278-b808-2e0057c580d5","area":"((1836,1303),(599,1228))","created_at":"2019-10-31 10:50:08 UTC","updated_at":"2019-10-31 10:50:08 UTC","position_weight":"7.0","direction":"rtl"},{"id":"acb97398-ac10-436d-87f6-e3a05a048d09","surface_id":"58bcd333-ddbc-4a88-a43e-fe67b9f6bfe7","area":"((1835,1304),(857,1241))","created_at":"2019-10-31 10:50:07 UTC","updated_at":"2019-10-31 10:50:07 UTC","position_weight":"9.0","direction":"rtl"},{"id":"713a7df6-e271-47fc-904a-8b235c7f6cf2","surface_id":"c3d3adb8-17fe-4a5a-a55c-fdd9dff9baeb","area":"((1894,1304),(577,1252))","created_at":"2019-10-31 10:50:12 UTC","updated_at":"2019-10-31 10:50:12 UTC","position_weight":"10.0","direction":"rtl"},{"id":"0b56e568-cc14-44c5-b4b0-66057a4d2bbe","surface_id":"d7b18c7d-2996-4896-aaa4-1bf4a5b1af45","area":"((1793,1326),(542,1255))","created_at":"2019-10-31 10:50:15 UTC","updated_at":"2019-10-31 10:50:15 UTC","position_weight":"7.0","direction":"rtl"},{"id":"d68bfad4-097d-4399-a7a3-9d6bf6402020","surface_id":"db08905d-dc01-477a-9027-64f4600d7361","area":"((1983,1360),(500,1293))","created_at":"2019-10-31 10:50:14 UTC","updated_at":"2019-10-31 10:50:14 UTC","position_weight":"11.0","direction":"rtl"},{"id":"d55bb88d-e9f8-415f-94f2-ab8e81025ab1","surface_id":"c3d3adb8-17fe-4a5a-a55c-fdd9dff9baeb","area":"((1896,1366),(578,1313))","created_at":"2019-10-31 10:50:12 UTC","updated_at":"2019-10-31 10:50:12 UTC","position_weight":"11.0","direction":"rtl"},{"id":"1ebf0e24-2e2f-48bc-89b5-8d6df23fbc53","surface_id":"938fe5f8-1a8e-4278-b808-2e0057c580d5","area":"((1906,1376),(600,1310))","created_at":"2019-10-31 10:50:08 UTC","updated_at":"2019-10-31 10:50:08 UTC","position_weight":"8.0","direction":"rtl"},{"id":"1a99545b-8738-4990-8b5a-12515d3fa3fa","surface_id":"58bcd333-ddbc-4a88-a43e-fe67b9f6bfe7","area":"((1935,1386),(855,1330))","created_at":"2019-10-31 10:50:07 UTC","updated_at":"2019-10-31 10:50:07 UTC","position_weight":"10.0","direction":"rtl"},{"id":"330b1df6-2abd-4504-8009-87fdd989ce00","surface_id":"d7b18c7d-2996-4896-aaa4-1bf4a5b1af45","area":"((1864,1405),(541,1341))","created_at":"2019-10-31 10:50:15 UTC","updated_at":"2019-10-31 10:50:15 UTC","position_weight":"8.0","direction":"rtl"},{"id":"67a157e2-d5a9-4e66-a478-24c5c822c8cf","surface_id":"c3d3adb8-17fe-4a5a-a55c-fdd9dff9baeb","area":"((1891,1425),(580,1377))","created_at":"2019-10-31 10:50:12 UTC","updated_at":"2019-10-31 10:50:12 UTC","position_weight":"12.0","direction":"rtl"},{"id":"5eb6f1da-dc89-4827-a7ab-12eb445fbe32","surface_id":"db08905d-dc01-477a-9027-64f4600d7361","area":"((1983,1439),(500,1372))","created_at":"2019-10-31 10:50:14 UTC","updated_at":"2019-10-31 10:50:14 UTC","position_weight":"12.0","direction":"rtl"},{"id":"9c9b58f6-18ed-444d-883e-ee4f369351e2","surface_id":"938fe5f8-1a8e-4278-b808-2e0057c580d5","area":"((1905,1451),(599,1392))","created_at":"2019-10-31 10:50:08 UTC","updated_at":"2019-10-31 10:50:08 UTC","position_weight":"9.0","direction":"rtl"},{"id":"af382ef7-aabf-4593-9107-67ce4db21c92","surface_id":"58bcd333-ddbc-4a88-a43e-fe67b9f6bfe7","area":"((1933,1475),(863,1407))","created_at":"2019-10-31 10:50:07 UTC","updated_at":"2019-10-31 10:50:07 UTC","position_weight":"11.0","direction":"rtl"},{"id":"61753762-f281-4fd8-af1e-d0fa8217e0b1","surface_id":"c3d3adb8-17fe-4a5a-a55c-fdd9dff9baeb","area":"((1893,1485),(579,1439))","created_at":"2019-10-31 10:50:12 UTC","updated_at":"2019-10-31 10:50:12 UTC","position_weight":"13.0","direction":"rtl"},{"id":"6b88d3f9-2bbb-46b9-94a3-bdff828e5f8d","surface_id":"d7b18c7d-2996-4896-aaa4-1bf4a5b1af45","area":"((1863,1493),(541,1420))","created_at":"2019-10-31 10:50:15 UTC","updated_at":"2019-10-31 10:50:15 UTC","position_weight":"9.0","direction":"rtl"},{"id":"9bfe1807-3d4e-4181-b3ca-9c3a8386d5ba","surface_id":"db08905d-dc01-477a-9027-64f4600d7361","area":"((1983,1509),(418,1443))","created_at":"2019-10-31 10:50:14 UTC","updated_at":"2019-10-31 10:50:14 UTC","position_weight":"13.0","direction":"rtl"},{"id":"7ef42cd3-be65-4e54-bb2b-377a54ccf6b2","surface_id":"938fe5f8-1a8e-4278-b808-2e0057c580d5","area":"((1902,1546),(1134,1470))","created_at":"2019-10-31 10:50:08 UTC","updated_at":"2019-10-31 10:50:08 UTC","position_weight":"10.0","direction":"rtl"},{"id":"e7f0ca3c-9a76-42f4-bfd2-34a9f101348d","surface_id":"c3d3adb8-17fe-4a5a-a55c-fdd9dff9baeb","area":"((1894,1554),(579,1490))","created_at":"2019-10-31 10:50:12 UTC","updated_at":"2019-10-31 10:50:12 UTC","position_weight":"14.0","direction":"rtl"},{"id":"b67b47ce-4432-4861-a3e8-3642a0702341","surface_id":"58bcd333-ddbc-4a88-a43e-fe67b9f6bfe7","area":"((1933,1560),(664,1498))","created_at":"2019-10-31 10:50:07 UTC","updated_at":"2019-10-31 10:50:07 UTC","position_weight":"12.0","direction":"rtl"},{"id":"9281074c-d338-4fe8-8bcd-c7baf11efd5e","surface_id":"d7b18c7d-2996-4896-aaa4-1bf4a5b1af45","area":"((1862,1579),(542,1512))","created_at":"2019-10-31 10:50:15 UTC","updated_at":"2019-10-31 10:50:15 UTC","position_weight":"10.0","direction":"rtl"},{"id":"2e51a1d2-2bf0-4015-8ac2-747c74f938c9","surface_id":"db08905d-dc01-477a-9027-64f4600d7361","area":"((1982,1596),(500,1521))","created_at":"2019-10-31 10:50:14 UTC","updated_at":"2019-10-31 10:50:14 UTC","position_weight":"14.0","direction":"rtl"},{"id":"bd4ea2f0-6fdb-4780-b39d-94fd33bdc757","surface_id":"c3d3adb8-17fe-4a5a-a55c-fdd9dff9baeb","area":"((1891,1614),(579,1554))","created_at":"2019-10-31 10:50:12 UTC","updated_at":"2019-10-31 10:50:12 UTC","position_weight":"15.0","direction":"rtl"},{"id":"852884a6-97f6-4562-9d03-1f328e767bd6","surface_id":"58bcd333-ddbc-4a88-a43e-fe67b9f6bfe7","area":"((1933,1643),(856,1583))","created_at":"2019-10-31 10:50:07 UTC","updated_at":"2019-10-31 10:50:07 UTC","position_weight":"13.0","direction":"rtl"},{"id":"50277c80-bded-4df0-bce7-e18dfaab4397","surface_id":"938fe5f8-1a8e-4278-b808-2e0057c580d5","area":"((1839,1647),(698,1588))","created_at":"2019-10-31 10:50:08 UTC","updated_at":"2019-10-31 10:50:08 UTC","position_weight":"11.0","direction":"rtl"},{"id":"cde5b190-c4aa-4c3e-a79b-34f94ddd79c8","surface_id":"d7b18c7d-2996-4896-aaa4-1bf4a5b1af45","area":"((1865,1660),(1269,1596))","created_at":"2019-10-31 10:50:15 UTC","updated_at":"2019-10-31 10:50:15 UTC","position_weight":"11.0","direction":"rtl"},{"id":"7a524574-1213-4b18-b5d4-3045542a9b95","surface_id":"db08905d-dc01-477a-9027-64f4600d7361","area":"((1986,1661),(497,1594))","created_at":"2019-10-31 10:50:14 UTC","updated_at":"2019-10-31 10:50:14 UTC","position_weight":"15.0","direction":"rtl"},{"id":"ee454f42-68ef-47a0-86fa-45b9938d9bbe","surface_id":"c3d3adb8-17fe-4a5a-a55c-fdd9dff9baeb","area":"((1890,1678),(579,1622))","created_at":"2019-10-31 10:50:12 UTC","updated_at":"2019-10-31 10:50:12 UTC","position_weight":"16.0","direction":"rtl"},{"id":"16e7cb3b-0da4-4ffe-91c6-9d76aad625bf","surface_id":"c3d3adb8-17fe-4a5a-a55c-fdd9dff9baeb","area":"((1891,1734),(580,1682))","created_at":"2019-10-31 10:50:12 UTC","updated_at":"2019-10-31 10:50:12 UTC","position_weight":"17.0","direction":"rtl"},{"id":"82e15c33-7437-4d79-a4a2-63b64fb12571","surface_id":"58bcd333-ddbc-4a88-a43e-fe67b9f6bfe7","area":"((1932,1737),(538,1660))","created_at":"2019-10-31 10:50:07 UTC","updated_at":"2019-10-31 10:50:07 UTC","position_weight":"14.0","direction":"rtl"},{"id":"77a9c147-cc23-41d4-bac4-5033fc195551","surface_id":"938fe5f8-1a8e-4278-b808-2e0057c580d5","area":"((1833,1741),(596,1682))","created_at":"2019-10-31 10:50:08 UTC","updated_at":"2019-10-31 10:50:08 UTC","position_weight":"12.0","direction":"rtl"},{"id":"7423c406-a031-482c-9ba1-52cb6a4b326e","surface_id":"d7b18c7d-2996-4896-aaa4-1bf4a5b1af45","area":"((1792,1768),(539,1704))","created_at":"2019-10-31 10:50:15 UTC","updated_at":"2019-10-31 10:50:15 UTC","position_weight":"12.0","direction":"rtl"},{"id":"9d97e9a9-657a-43b7-9a15-df12f4923614","surface_id":"c3d3adb8-17fe-4a5a-a55c-fdd9dff9baeb","area":"((1895,1792),(579,1738))","created_at":"2019-10-31 10:50:12 UTC","updated_at":"2019-10-31 10:50:12 UTC","position_weight":"18.0","direction":"rtl"},{"id":"0ec0d9bd-3cb0-49b9-838e-df60c34794e3","surface_id":"db08905d-dc01-477a-9027-64f4600d7361","area":"((1996,1824),(503,1742))","created_at":"2019-10-31 10:50:14 UTC","updated_at":"2019-10-31 10:50:14 UTC","position_weight":"16.0","direction":"rtl"},{"id":"c3692c2c-25d6-4276-bbbb-10af44496495","surface_id":"938fe5f8-1a8e-4278-b808-2e0057c580d5","area":"((1902,1828),(596,1760))","created_at":"2019-10-31 10:50:08 UTC","updated_at":"2019-10-31 10:50:08 UTC","position_weight":"13.0","direction":"rtl"},{"id":"5154a208-c46c-4896-9144-bd9f0f008b8f","surface_id":"58bcd333-ddbc-4a88-a43e-fe67b9f6bfe7","area":"((1930,1831),(1559,1768))","created_at":"2019-10-31 10:50:07 UTC","updated_at":"2019-10-31 10:50:07 UTC","position_weight":"15.0","direction":"rtl"},{"id":"a1495075-fd57-4fdb-b154-df502620ed54","surface_id":"d7b18c7d-2996-4896-aaa4-1bf4a5b1af45","area":"((1859,1855),(787,1786))","created_at":"2019-10-31 10:50:15 UTC","updated_at":"2019-10-31 10:50:15 UTC","position_weight":"13.0","direction":"rtl"},{"id":"5d0c0b1d-3e44-4731-aca9-246cac83457b","surface_id":"c3d3adb8-17fe-4a5a-a55c-fdd9dff9baeb","area":"((1896,1857),(579,1803))","created_at":"2019-10-31 10:50:12 UTC","updated_at":"2019-10-31 10:50:12 UTC","position_weight":"19.0","direction":"rtl"},{"id":"e2eec774-cf1c-41da-a11a-9126edd5ecf9","surface_id":"db08905d-dc01-477a-9027-64f4600d7361","area":"((1989,1891),(507,1815))","created_at":"2019-10-31 10:50:14 UTC","updated_at":"2019-10-31 10:50:14 UTC","position_weight":"17.0","direction":"rtl"},{"id":"98ff4647-8236-488a-a1a2-7176270e74bc","surface_id":"58bcd333-ddbc-4a88-a43e-fe67b9f6bfe7","area":"((1832,1899),(538,1842))","created_at":"2019-10-31 10:50:07 UTC","updated_at":"2019-10-31 10:50:07 UTC","position_weight":"16.0","direction":"rtl"},{"id":"060bc802-3c7e-4696-9f9c-03530dcff8d6","surface_id":"938fe5f8-1a8e-4278-b808-2e0057c580d5","area":"((1906,1909),(1679,1841))","created_at":"2019-10-31 10:50:08 UTC","updated_at":"2019-10-31 10:50:08 UTC","position_weight":"14.0","direction":"rtl"},{"id":"7437fcee-b341-4fd0-80fa-f5eb4cebdf68","surface_id":"c3d3adb8-17fe-4a5a-a55c-fdd9dff9baeb","area":"((1893,1919),(579,1857))","created_at":"2019-10-31 10:50:12 UTC","updated_at":"2019-10-31 10:50:12 UTC","position_weight":"20.0","direction":"rtl"},{"id":"7832c4fc-6f34-4a26-abcb-66fb3a6a5a53","surface_id":"db08905d-dc01-477a-9027-64f4600d7361","area":"((1991,1950),(1756,1905))","created_at":"2019-10-31 10:50:14 UTC","updated_at":"2019-10-31 10:50:14 UTC","position_weight":"18.0","direction":"rtl"},{"id":"098e4e58-211a-4799-9759-7d41cb4f7deb","surface_id":"d7b18c7d-2996-4896-aaa4-1bf4a5b1af45","area":"((1790,1957),(539,1884))","created_at":"2019-10-31 10:50:15 UTC","updated_at":"2019-10-31 10:50:15 UTC","position_weight":"14.0","direction":"rtl"},{"id":"7074dd84-e8f0-4abb-b6da-41082e402c51","surface_id":"58bcd333-ddbc-4a88-a43e-fe67b9f6bfe7","area":"((1775,1973),(538,1917))","created_at":"2019-10-31 10:50:07 UTC","updated_at":"2019-10-31 10:50:07 UTC","position_weight":"17.0","direction":"rtl"},{"id":"e2077b08-57bf-4a3e-ad38-ab3d800b6de3","surface_id":"c3d3adb8-17fe-4a5a-a55c-fdd9dff9baeb","area":"((1896,1978),(630,1925))","created_at":"2019-10-31 10:50:12 UTC","updated_at":"2019-10-31 10:50:12 UTC","position_weight":"21.0","direction":"rtl"},{"id":"dad0244e-caaa-4cf0-bc63-c8740556b18a","surface_id":"938fe5f8-1a8e-4278-b808-2e0057c580d5","area":"((1838,2020),(1633,1960))","created_at":"2019-10-31 10:50:08 UTC","updated_at":"2019-10-31 10:50:08 UTC","position_weight":"15.0","direction":"rtl"},{"id":"59f10e1b-44fc-4524-8698-bfc0aedcf584","surface_id":"58bcd333-ddbc-4a88-a43e-fe67b9f6bfe7","area":"((1776,2027),(1689,1997))","created_at":"2019-10-31 10:50:07 UTC","updated_at":"2019-10-31 10:50:07 UTC","position_weight":"18.0","direction":"on"},{"id":"5c95342c-68b7-4add-9b72-b7fab44120d7","surface_id":"db08905d-dc01-477a-9027-64f4600d7361","area":"((1754,2038),(750,1969))","created_at":"2019-10-31 10:50:14 UTC","updated_at":"2019-10-31 10:50:14 UTC","position_weight":"19.0","direction":"rtl"},{"id":"853c5776-b942-4af8-97ee-8a7135aa249a","surface_id":"c3d3adb8-17fe-4a5a-a55c-fdd9dff9baeb","area":"((1844,2041),(581,1989))","created_at":"2019-10-31 10:50:12 UTC","updated_at":"2019-10-31 10:50:12 UTC","position_weight":"22.0","direction":"rtl"},{"id":"9070e97b-511a-4e10-acd7-382e6e966913","surface_id":"d7b18c7d-2996-4896-aaa4-1bf4a5b1af45","area":"((1864,2044),(538,1957))","created_at":"2019-10-31 10:50:15 UTC","updated_at":"2019-10-31 10:50:15 UTC","position_weight":"15.0","direction":"rtl"},{"id":"80428545-e79a-4773-aaaa-fa4887ce8387","surface_id":"c3d3adb8-17fe-4a5a-a55c-fdd9dff9baeb","area":"((1897,2105),(580,2051))","created_at":"2019-10-31 10:50:12 UTC","updated_at":"2019-10-31 10:50:12 UTC","position_weight":"23.0","direction":"rtl"},{"id":"f29c6216-67d3-4301-8d68-ce638f0e41e0","surface_id":"58bcd333-ddbc-4a88-a43e-fe67b9f6bfe7","area":"((1833,2115),(637,2060))","created_at":"2019-10-31 10:50:07 UTC","updated_at":"2019-10-31 10:50:07 UTC","position_weight":"19.0","direction":"rtl"},{"id":"57e910a3-9cf2-4e9c-a8ad-d902ded61ceb","surface_id":"db08905d-dc01-477a-9027-64f4600d7361","area":"((1753,2117),(760,2045))","created_at":"2019-10-31 10:50:14 UTC","updated_at":"2019-10-31 10:50:14 UTC","position_weight":"20.0","direction":"rtl"},{"id":"533247c1-69c0-44c9-81db-1cc20848d3fd","surface_id":"d7b18c7d-2996-4896-aaa4-1bf4a5b1af45","area":"((1860,2125),(536,2043))","created_at":"2019-10-31 10:50:15 UTC","updated_at":"2019-10-31 10:50:15 UTC","position_weight":"16.0","direction":"rtl"},{"id":"3989431e-8a47-427f-89ac-258f75044050","surface_id":"938fe5f8-1a8e-4278-b808-2e0057c580d5","area":"((1833,2131),(599,2063))","created_at":"2019-10-31 10:50:08 UTC","updated_at":"2019-10-31 10:50:08 UTC","position_weight":"16.0","direction":"rtl"},{"id":"fdca9929-0a7a-4f1b-94cb-2063a74078bd","surface_id":"c3d3adb8-17fe-4a5a-a55c-fdd9dff9baeb","area":"((1896,2162),(837,2112))","created_at":"2019-10-31 10:50:12 UTC","updated_at":"2019-10-31 10:50:12 UTC","position_weight":"24.0","direction":"rtl"},{"id":"b10b0a1e-3b46-4e1f-a22d-566843c693e0","surface_id":"58bcd333-ddbc-4a88-a43e-fe67b9f6bfe7","area":"((1834,2186),(560,2129))","created_at":"2019-10-31 10:50:07 UTC","updated_at":"2019-10-31 10:50:07 UTC","position_weight":"20.0","direction":"rtl"},{"id":"af7943a3-cbc3-4f30-9667-540b117b0095","surface_id":"938fe5f8-1a8e-4278-b808-2e0057c580d5","area":"((1903,2201),(595,2139))","created_at":"2019-10-31 10:50:08 UTC","updated_at":"2019-10-31 10:50:08 UTC","position_weight":"17.0","direction":"rtl"},{"id":"f7594b89-6a9d-4973-a14d-1cc9625da069","surface_id":"db08905d-dc01-477a-9027-64f4600d7361","area":"((1997,2203),(1620,2161))","created_at":"2019-10-31 10:50:14 UTC","updated_at":"2019-10-31 10:50:14 UTC","position_weight":"21.0","direction":"rtl"},{"id":"13f24ca6-3a66-4a0f-a708-dfd0ec0d5d67","surface_id":"d7b18c7d-2996-4896-aaa4-1bf4a5b1af45","area":"((1861,2214),(538,2122))","created_at":"2019-10-31 10:50:15 UTC","updated_at":"2019-10-31 10:50:15 UTC","position_weight":"17.0","direction":"rtl"},{"id":"3f2cbe52-0326-4b3f-b26b-9f4815d6606b","surface_id":"c3d3adb8-17fe-4a5a-a55c-fdd9dff9baeb","area":"((1844,2237),(577,2182))","created_at":"2019-10-31 10:50:12 UTC","updated_at":"2019-10-31 10:50:12 UTC","position_weight":"25.0","direction":"rtl"},{"id":"6bd271a4-7e68-434e-81de-f3f3aab692db","surface_id":"58bcd333-ddbc-4a88-a43e-fe67b9f6bfe7","area":"((1834,2259),(537,2202))","created_at":"2019-10-31 10:50:07 UTC","updated_at":"2019-10-31 10:50:07 UTC","position_weight":"21.0","direction":"rtl"},{"id":"067a5353-6260-4a9b-80f9-4bf8308f5dbd","surface_id":"db08905d-dc01-477a-9027-64f4600d7361","area":"((1998,2282),(1534,2230))","created_at":"2019-10-31 10:50:14 UTC","updated_at":"2019-10-31 10:50:14 UTC","position_weight":"22.0","direction":"rtl"},{"id":"460bbef7-9401-43ef-8a39-938cf9060387","surface_id":"938fe5f8-1a8e-4278-b808-2e0057c580d5","area":"((1906,2294),(1415,2218))","created_at":"2019-10-31 10:50:08 UTC","updated_at":"2019-10-31 10:50:08 UTC","position_weight":"18.0","direction":"rtl"},{"id":"fa5a4661-5b2c-4d1e-8939-6b368d85ecb1","surface_id":"d7b18c7d-2996-4896-aaa4-1bf4a5b1af45","area":"((1859,2299),(539,2209))","created_at":"2019-10-31 10:50:15 UTC","updated_at":"2019-10-31 10:50:15 UTC","position_weight":"18.0","direction":"rtl"},{"id":"5c111d21-7487-418f-9db0-315a1f031e90","surface_id":"c3d3adb8-17fe-4a5a-a55c-fdd9dff9baeb","area":"((1897,2299),(581,2241))","created_at":"2019-10-31 10:50:12 UTC","updated_at":"2019-10-31 10:50:12 UTC","position_weight":"26.0","direction":"rtl"},{"id":"bfa81eed-e521-4a8c-b262-57555a26bfc7","surface_id":"58bcd333-ddbc-4a88-a43e-fe67b9f6bfe7","area":"((1778,2314),(1690,2286))","created_at":"2019-10-31 10:50:07 UTC","updated_at":"2019-10-31 10:50:07 UTC","position_weight":"22.0","direction":"on"},{"id":"a5c04b5b-b9f0-415f-9f50-efd276adcc1a","surface_id":"db08905d-dc01-477a-9027-64f4600d7361","area":"((1999,2357),(1577,2290))","created_at":"2019-10-31 10:50:14 UTC","updated_at":"2019-10-31 10:50:14 UTC","position_weight":"23.0","direction":"rtl"},{"id":"e1f85ee2-026c-4c98-8d54-d029a5428756","surface_id":"c3d3adb8-17fe-4a5a-a55c-fdd9dff9baeb","area":"((1898,2362),(580,2306))","created_at":"2019-10-31 10:50:12 UTC","updated_at":"2019-10-31 10:50:12 UTC","position_weight":"27.0","direction":"rtl"},{"id":"a779d593-186f-4f1e-9a9c-74c650c9d7f1","surface_id":"938fe5f8-1a8e-4278-b808-2e0057c580d5","area":"((1839,2388),(1621,2328))","created_at":"2019-10-31 10:50:08 UTC","updated_at":"2019-10-31 10:50:08 UTC","position_weight":"19.0","direction":"rtl"},{"id":"f69e5d1b-8fe0-47ac-b74e-a9fb7b4bf0cb","surface_id":"d7b18c7d-2996-4896-aaa4-1bf4a5b1af45","area":"((1859,2390),(538,2316))","created_at":"2019-10-31 10:50:15 UTC","updated_at":"2019-10-31 10:50:15 UTC","position_weight":"19.0","direction":"rtl"},{"id":"53d12508-5160-4f2a-8546-b6c857f81a45","surface_id":"58bcd333-ddbc-4a88-a43e-fe67b9f6bfe7","area":"((1834,2404),(766,2346))","created_at":"2019-10-31 10:50:07 UTC","updated_at":"2019-10-31 10:50:07 UTC","position_weight":"23.0","direction":"rtl"},{"id":"13d015e7-78a5-432e-8198-db1739f37f79","surface_id":"db08905d-dc01-477a-9027-64f4600d7361","area":"((1995,2411),(1684,2361))","created_at":"2019-10-31 10:50:14 UTC","updated_at":"2019-10-31 10:50:14 UTC","position_weight":"24.0","direction":"rtl"},{"id":"ca53e85f-3852-415e-b9e6-6dc6280b7a13","surface_id":"c3d3adb8-17fe-4a5a-a55c-fdd9dff9baeb","area":"((1898,2423),(581,2367))","created_at":"2019-10-31 10:50:12 UTC","updated_at":"2019-10-31 10:50:12 UTC","position_weight":"28.0","direction":"rtl"},{"id":"d5e8e8a0-ee7f-47e1-9e62-5f5cdcae357f","surface_id":"d7b18c7d-2996-4896-aaa4-1bf4a5b1af45","area":"((1863,2473),(537,2395))","created_at":"2019-10-31 10:50:15 UTC","updated_at":"2019-10-31 10:50:15 UTC","position_weight":"20.0","direction":"rtl"},{"id":"eb7cd381-67dd-4ef4-94b4-5d09f5cf3bb2","surface_id":"db08905d-dc01-477a-9027-64f4600d7361","area":"((1996,2475),(1680,2431))","created_at":"2019-10-31 10:50:14 UTC","updated_at":"2019-10-31 10:50:14 UTC","position_weight":"25.0","direction":"rtl"},{"id":"93fae1c5-5705-41b5-9ff0-1cc0095a4d1d","surface_id":"58bcd333-ddbc-4a88-a43e-fe67b9f6bfe7","area":"((1834,2478),(882,2422))","created_at":"2019-10-31 10:50:07 UTC","updated_at":"2019-10-31 10:50:07 UTC","position_weight":"24.0","direction":"rtl"},{"id":"68e3ddd9-b6c9-47d5-800d-e2bdb1beef34","surface_id":"c3d3adb8-17fe-4a5a-a55c-fdd9dff9baeb","area":"((1909,2485),(580,2427))","created_at":"2019-10-31 10:50:12 UTC","updated_at":"2019-10-31 10:50:12 UTC","position_weight":"29.0","direction":"rtl"},{"id":"82afd75e-acf3-45e1-bd5c-7a3f493aa808","surface_id":"938fe5f8-1a8e-4278-b808-2e0057c580d5","area":"((1835,2489),(1019,2416))","created_at":"2019-10-31 10:50:08 UTC","updated_at":"2019-10-31 10:50:08 UTC","position_weight":"20.0","direction":"rtl"},{"id":"a5cd3a4f-f5fb-4b12-b61b-1ada54fa2d7a","surface_id":"d7b18c7d-2996-4896-aaa4-1bf4a5b1af45","area":"((1859,2542),(1041,2487))","created_at":"2019-10-31 10:50:15 UTC","updated_at":"2019-10-31 10:50:15 UTC","position_weight":"21.0","direction":"rtl"},{"id":"eaa764f3-2d40-4e51-9098-0841e12b06be","surface_id":"58bcd333-ddbc-4a88-a43e-fe67b9f6bfe7","area":"((1834,2549),(774,2494))","created_at":"2019-10-31 10:50:07 UTC","updated_at":"2019-10-31 10:50:07 UTC","position_weight":"25.0","direction":"rtl"},{"id":"4330ada8-083d-46f7-b647-5b4123efb524","surface_id":"db08905d-dc01-477a-9027-64f4600d7361","area":"((1995,2553),(1059,2499))","created_at":"2019-10-31 10:50:14 UTC","updated_at":"2019-10-31 10:50:14 UTC","position_weight":"26.0","direction":"rtl"},{"id":"032b2ccc-507e-448e-b9f9-83559ce84965","surface_id":"c3d3adb8-17fe-4a5a-a55c-fdd9dff9baeb","area":"((1845,2555),(834,2499))","created_at":"2019-10-31 10:50:12 UTC","updated_at":"2019-10-31 10:50:12 UTC","position_weight":"30.0","direction":"rtl"},{"id":"6fe356b1-5b87-4ce0-96b2-728854cc4f9a","surface_id":"938fe5f8-1a8e-4278-b808-2e0057c580d5","area":"((1839,2594),(1635,2524))","created_at":"2019-10-31 10:50:08 UTC","updated_at":"2019-10-31 10:50:08 UTC","position_weight":"21.0","direction":"rtl"},{"id":"2d795395-96f1-4fc1-980e-2ef48e6ec4ec","surface_id":"db08905d-dc01-477a-9027-64f4600d7361","area":"((1996,2619),(1251,2570))","created_at":"2019-10-31 10:50:14 UTC","updated_at":"2019-10-31 10:50:14 UTC","position_weight":"27.0","direction":"rtl"},{"id":"84f4860d-14b0-4a1b-95a4-2fba48f12b63","surface_id":"d7b18c7d-2996-4896-aaa4-1bf4a5b1af45","area":"((1789,2637),(536,2566))","created_at":"2019-10-31 10:50:15 UTC","updated_at":"2019-10-31 10:50:15 UTC","position_weight":"22.0","direction":"rtl"},{"id":"86da22b1-64ab-4a9a-bc29-a1263cab0dce","surface_id":"58bcd333-ddbc-4a88-a43e-fe67b9f6bfe7","area":"((1934,2640),(1682,2590))","created_at":"2019-10-31 10:50:07 UTC","updated_at":"2019-10-31 10:50:07 UTC","position_weight":"26.0","direction":"rtl"},{"id":"362525af-01cf-4c71-ad37-aea5cccdb01f","surface_id":"c3d3adb8-17fe-4a5a-a55c-fdd9dff9baeb","area":"((837,2647),(643,2582))","created_at":"2019-10-31 10:50:12 UTC","updated_at":"2019-10-31 10:50:12 UTC","position_weight":"31.0","direction":"rtl"},{"id":"b97733d9-f6e0-4e59-8477-cc92f5ac6034","surface_id":"db08905d-dc01-477a-9027-64f4600d7361","area":"((1996,2678),(1306,2630))","created_at":"2019-10-31 10:50:14 UTC","updated_at":"2019-10-31 10:50:14 UTC","position_weight":"28.0","direction":"rtl"},{"id":"2a429f6c-8299-449b-8290-4220660c4b82","surface_id":"938fe5f8-1a8e-4278-b808-2e0057c580d5","area":"((1834,2693),(914,2579))","created_at":"2019-10-31 10:50:08 UTC","updated_at":"2019-10-31 10:50:08 UTC","position_weight":"22.0","direction":"rtl"},{"id":"ab3266f7-74de-4f01-b5ed-94e85251212b","surface_id":"58bcd333-ddbc-4a88-a43e-fe67b9f6bfe7","area":"((1835,2709),(649,2649))","created_at":"2019-10-31 10:50:07 UTC","updated_at":"2019-10-31 10:50:07 UTC","position_weight":"27.0","direction":"rtl"},{"id":"b0162a8a-0bdf-4d1b-870e-169cf441bc44","surface_id":"d7b18c7d-2996-4896-aaa4-1bf4a5b1af45","area":"((1861,2724),(535,2650))","created_at":"2019-10-31 10:50:15 UTC","updated_at":"2019-10-31 10:50:15 UTC","position_weight":"23.0","direction":"rtl"},{"id":"a54eead3-e8ae-4862-a9b4-e8f302732b08","surface_id":"c3d3adb8-17fe-4a5a-a55c-fdd9dff9baeb","area":"((1267,2759),(1191,2724))","created_at":"2019-10-31 10:50:12 UTC","updated_at":"2019-10-31 10:50:12 UTC","position_weight":"32.0","direction":"on"},{"id":"8ae3f99b-8566-4b0e-8b17-d59344bdd843","surface_id":"db08905d-dc01-477a-9027-64f4600d7361","area":"((1993,2759),(1677,2691))","created_at":"2019-10-31 10:50:14 UTC","updated_at":"2019-10-31 10:50:14 UTC","position_weight":"29.0","direction":"rtl"},{"id":"91a3aa2e-00a6-48ec-bd89-e20b6d889fc6","surface_id":"58bcd333-ddbc-4a88-a43e-fe67b9f6bfe7","area":"((1836,2781),(538,2721))","created_at":"2019-10-31 10:50:07 UTC","updated_at":"2019-10-31 10:50:07 UTC","position_weight":"28.0","direction":"rtl"},{"id":"d55601a1-d517-4e17-acba-e768066c5961","surface_id":"938fe5f8-1a8e-4278-b808-2e0057c580d5","area":"((1293,2796),(1218,2764))","created_at":"2019-10-31 10:50:08 UTC","updated_at":"2019-10-31 10:50:08 UTC","position_weight":"23.0","direction":"rtl"},{"id":"ac9e01ce-e055-4d32-af62-ae321e51acec","surface_id":"db08905d-dc01-477a-9027-64f4600d7361","area":"((1990,2812),(1274,2771))","created_at":"2019-10-31 10:50:14 UTC","updated_at":"2019-10-31 10:50:14 UTC","position_weight":"30.0","direction":"rtl"},{"id":"da0fdef1-4564-4bcf-b41e-33b10358de1e","surface_id":"d7b18c7d-2996-4896-aaa4-1bf4a5b1af45","area":"((1230,2836),(1161,2801))","created_at":"2019-10-31 10:50:15 UTC","updated_at":"2019-10-31 10:50:15 UTC","position_weight":"24.0","direction":"rtl"},{"id":"b376f875-68cc-4d4f-ad65-e3027024d6c2","surface_id":"58bcd333-ddbc-4a88-a43e-fe67b9f6bfe7","area":"((1780,2854),(942,2796))","created_at":"2019-10-31 10:50:07 UTC","updated_at":"2019-10-31 10:50:07 UTC","position_weight":"29.0","direction":"rtl"},{"id":"59a112f5-3a58-4b5a-9f2e-3446ede4f92b","surface_id":"db08905d-dc01-477a-9027-64f4600d7361","area":"((1991,2876),(1695,2839))","created_at":"2019-10-31 10:50:14 UTC","updated_at":"2019-10-31 10:50:14 UTC","position_weight":"31.0","direction":"rtl"},{"id":"178cf1a4-2efb-4d90-b940-884b47a51e59","surface_id":"58bcd333-ddbc-4a88-a43e-fe67b9f6bfe7","area":"((1261,2971),(1194,2943))","created_at":"2019-10-31 10:50:07 UTC","updated_at":"2019-10-31 10:50:07 UTC","position_weight":"30.0","direction":"rtl"},{"id":"e341ccbd-a5ec-4402-9737-15ea5e42e31b","surface_id":"db08905d-dc01-477a-9027-64f4600d7361","area":"((1275,2989),(1239,2961))","created_at":"2019-10-31 10:50:14 UTC","updated_at":"2019-10-31 10:50:14 UTC","position_weight":"32.0","direction":"on"}]